survey id #,Drugs used,Social media used,Gender,Grades
1,Marijuana Alcohol,Snapchat Instagram,Female,B
2,Marijuana Alcohol Vape,Snapchat Instagram,Female,C
3,Marijuana Alcohol Edibles,Snapchat Instagram,Female,B
4,Marijuana Edibles Acid,Snapchat Instagram,Female,B
5,Marijuana Alcohol,Snapchat Instagram facebook,Female,A
6,Marijuana Alcohol Edibles,Instagram Snapchat,Male,C
7,Marijuana Alcohol Edibles,Instagram Snapchat,Male,C
8,None,Instagram Snapchat,Female,B
9,Marijuana Alcohol Edibles,Instagram Snapchat,Male,C
10,None,Instagram Snapchat,Male,B
11,Marijuana,Instagram Snapchat,Male,A
12,Marijuana Alcohol Edibles Vape,Instagram Snapchat,Male,B
13,Alcohol,Instagram Snapchat,Female,A
14,Marijuana Alcohol,Instagram Snapchat,Male,C
15,Marijuana Alcohol,Instagram Snapchat,Female,A
16,Marijuana Alcohol Edibles,Instagram Snapchat,Male,A
17,Alcohol,Instagram Snapchat,Female,B
18,None,Instagram Snapchat,Male,A
19,Marijuana Alcohol,Instagram Snapchat,Female,C
20,Marijuana Alcohol,Instagram Snapchat,Male,B
21,None,Instagram Snapchat,Male,A
22,None,Instagram Snapchat,Male,A
23,Alcohol Marijuana,Instagram Snapchat facebook twitter,Female,A
24,Alcohol Marijuana,Instagram Snapchat facebook twitter,Male,C
25,Alcohol Marijuana,Instagram Snapchat facebook twitter,Female,D
26,Marijuana Alcohol Edibles Vape Mali adderal Xanex Ecstacy Acid,Instagram Snapchat facebook twitter,Male,B
27,Alcohol Marijuana,Instagram Snapchat facebook twitter,Male,A
28,Marijuana Alcohol Edibles Vape Mali adderal Xanex Ecstacy Acid,Instagram Snapchat facebook twitter,Male,C
29,Alcohol Marijuana,Instagram Snapchat facebook twitter,Female,B
30,Marijuana Alcohol Edibles,Instagram Snapchat facebook twitter,Male,D
31,Alcohol,Instagram Snapchat facebook twitter,Female,B
32,Alcohol Marijuana,Instagram Snapchat facebook twitter,Male,B
33,Alcohol ,Instagram Snapchat,Male,B
34,None,Instagram Snapchat facebook twitter,Female,A
35,Alcohol Marijuana,Instagram Snapchat facebook twitter,Female,A
36,Alcohol Marijuana,Instagram Snapchat facebook twitter,Female,A
37,Alcohol Marijuana,Instagram Snapchat facebook twitter,Male,D
38,Alcohol Marijuana,Instagram Snapchat facebook twitter,Male,C
39,Alcohol Marijuana,Instagram Snapchat facebook twitter,Female,C
40,Alcohol Marijuana,Instagram Snapchat facebook twitter,Female,A
41,Alcohol Marijuana,Instagram Snapchat facebook twitter,Male,A
42,Alcohol,Instagram Snapchat facebook twitter,Male,C
43,Alcohol Marijuana edibles body oils,Instagram Snapchat facebook twitter,Male,A
44,Alcohol Marijuana Cocain LSD Ecstacy Shrooms,Instagram Snapchat facebook twitter,Female,D
45,Alcohol Marijuana,Instagram Snapchat facebook twitter,Female,A
46,Alcohol,Instagram Snapchat facebook twitter,Female,B
47,None,Instagram Snapchat facebook twitter,Male,C
48,Alcohol Marijuana,Instagram Snapchat facebook twitter,Female,A
49,Alcohol Marijuana edibles acid vape,Instagram Snapchat facebook twitter,Male,C
50,None,Instagram Snapchat facebook twitter,Male,A