survery id #,Number of drugs used,Social media used,Gender,Grades (Assumed Grades)
1,2,Snapchat Instagram,Female,B
2,3,Snapchat Instagram,Female,C
3,3,Snapchat Instagram,Female,B
4,3,Snapchat Instagram,Female,B
5,2,Snapchat Instagram facebook,Female,A
6,3,Instagram Snapchat,Male,D
7,1,Instagram Snapchat,Male,D
8,None,Instagram Snapchat,Female,B
9,3,Instagram Snapchat,Male,C
10,None,Instagram Snapchat,Male,B
11,1,Instagram Snapchat,Male,A
12,4,Instagram Snapchat,Male,B
13,1,Instagram Snapchat,Female,A
14,2,Instagram Snapchat,Male,C
15,2,Instagram Snapchat,Female,A
16,3,Instagram Snapchat,Male,A
17,1,Instagram Snapchat,Female,B
18,None,Instagram Snapchat,Male,A
19,2,Instagram Snapchat,Female,C
20,1,Instagram Snapchat,Male,B
21,None,Instagram Snapchat,Male,A
22,None,Instagram Snapchat,Male,A
23,2,Instagram Snapchat facebook twitter,Female,A
24,2,Instagram Snapchat facebook twitter,Male,C
25,2,Instagram Snapchat facebook twitter,Female,D
26,9,Instagram Snapchat facebook twitter,Male,B
27,2,Instagram Snapchat facebook twitter,Male,A
28,9,Instagram Snapchat facebook twitter,Male,C
29,2,Instagram Snapchat facebook twitter,Female,B
30,3,Instagram Snapchat facebook twitter,Male,D
31,1,Instagram Snapchat facebook twitter,Female,B
32,2,Instagram Snapchat facebook twitter,Male,B
33,1 ,Instagram Snapchat,Male,B
34,None,Instagram Snapchat facebook twitter,Female,A
35,2,Instagram Snapchat facebook twitter,Female,A
36,2,Instagram Snapchat facebook twitter,Female,A
37,2,Instagram Snapchat facebook twitter,Male,D
38,2,Instagram Snapchat facebook twitter,Male,C
39,2,Instagram Snapchat facebook twitter,Female,C
40,2,Instagram Snapchat facebook twitter,Female,A
41,2,Instagram Snapchat facebook twitter,Male,A
42,1,Instagram Snapchat facebook twitter,Male,C
43,4,Instagram Snapchat facebook twitter,Male,A
44,6,Instagram Snapchat facebook twitter,Female,D
45,2,Instagram Snapchat facebook twitter,Female,A
46,1,Instagram Snapchat facebook twitter,Female,B
47,None,Instagram Snapchat facebook twitter,Male,B
48,2,Instagram Snapchat facebook twitter,Female,A
49,5,Instagram Snapchat facebook twitter,Male,C
50,None,Instagram Snapchat facebook twitter,Male,A